name,Ar,VE,AR ,EN,Ea,1st,BP,Co,Re,class_2
Mg,24.31,2,145,1.31,0,737.7,1363,1.47 ,8.80 ,0
Al,26.9815384,3,118,1.61,42.5,577.5,2792,3.43 ,5.01 ,0
Cr,51.9961,6,166,1.66,64.3,652.9,2944,4.29 ,6.66 ,0
Co,58.933194,9,152,1.88,63.7,760.4,3200,4.37 ,4.82 ,0
Ni,58.6934,10,149,1.91,112,737.1,3186,4.39 ,4.07 ,0
Cu,63.546,11,145,1.90,118.4,745.5,2835,3.44 ,6.70 ,0
Zn,65.38,12,142,1.65,0,906.4,1180,1.34 ,8.10 ,0
Nb,92.90637,5,198,1.6,86.1,652.1,5017,7.56 ,3.91 ,1
Mo,95.95,6,190,2.16,71.9,684.3,4912,6.79 ,5.99 ,0
Ru,101.07,8,178,2.2,101.3,710.2,4423,6.77 ,3.81 ,0
Ag,107.8682,11,165,1.93,125.6,731.0,2435,2.94 ,8.46 ,0
Rh,102.90549,9,173,2.28,109.7,719.7,3968,5.78 ,3.23 ,1
Pd,106.42,10,169,2.2,53.7,804.4,3236,3.92 ,3.63 ,0
In,114.818,3,156,1.78,28.9,558.3,2345,2.48 ,7.18 ,0
W,183.84,6,193,2.36,78.6,770,5828,8.84 ,8.20 ,0
Os,190.23,8,185,2.2,106.1,840,5285,8.18 ,4.33 ,1
Ir,192.217,9,180,2.2,151,880,4701,6.95 ,3.69 ,1
Pt,195.084,10,177,2.28,205.3,870,4098,5.88 ,3.43 ,1
Au,196.966570,11,174,2.54,222.8,890.1,3129,3.78 ,8.35 ,0
CuPt,258.63,10.24570235,169.1375246,2.186633105,183.9484654,839.4100568,3787.677926,4.60 ,6.80 ,0
Cu2Mg,151.397,9.555156311,145,1.805282469,99.39227858,744.2478021,2598.687788,2.90 ,9.60 ,0
CuTi,111.413,7.992550241,158.3187061,1.745331155,70.79636667,708.2505866,3146.485868,4.30 ,3.40 ,0
c-CuAl2,117.5090768,7.326201974,132.6009317,1.766824822,83.54484123,668.3502415,2815.253336,3.70 ,3.80 ,0
c2-Cu3Al,217.6195384,10.00812074,141.6524075,1.864044377,108.9895455,724.6705355,2829.668649,3.70 ,3.20 ,0
t-Cu2Al3,208.0366152,7.887293513,134.4946156,1.78716439,88.86819721,680.1331638,2818.269203,3.70 ,6.00 ,0
IrRu,293.287,8.655388749,179.3107775,2.2,133.8728208,821.4850096,4605.198072,8.40 ,5.10 ,1
NiIr3,635.3444,9.092380448,177.1362061,2.17320967,147.3971625,866.798834,4561.043622,6.50 ,4.80 ,0
IrRh,295.12249,9,177.5591883,2.227894991,136.5992109,824.1054118,4445.412145,6.40 ,3.60 ,1
OsRu,291.3,8,182.5712667,2.2,104.4345829,794.964346,4985.918847,7.40 ,4.20 ,0
MoNi2,213.3368,8.200966734,167.440091,2.022439579,93.96469151,713.3527609,3962.282854,5.20 ,5.70 ,0
CrNi2,169.3829,8.772105094,154.2185533,1.833256568,97.35735325,711.2528122,3111.712358,4.40 ,4.80 ,0
CoSn,177.643194,5.658751812,147.3222525,1.933459971,92.8356842,725.7846688,2982.818868,4.40 ,5.90 ,0
VPt2,441.1095,9.422575347,176.3070904,2.204934795,187.4344812,844.6972517,4049.727299,5.80 ,4.90 ,0
VNi2,168.3283,8.486840894,155.6579001,1.82526309,93.41840617,711.013137,3335.50012,5.00 ,4.50 ,0
AlNi,85.6749384,7.795495715,139.2371953,1.815521245,90.11242174,686.8373023,3061.917902,5.00 ,4.40 ,0
AlRu,128.0515384,6.946457858,165.3574943,2.075682027,88.91034441,682.2389916,4079.334553,6.90 ,3.80 ,1
Al3Sc,125.9006152,3,141.5669698,1.520731175,33.78736267,597.3533867,2903.050418,4.30 ,4.90 ,0
AlCu,90.5275384,8.615617181,136.952708,1.813566123,95.77816801,695.4279608,2822.183942,4.10 ,6.00 ,0
CuBe,72.5581831,9.882143344,140.9011923,1.859011923,103.6939747,764.6277694,2823.573021,3.75 ,5.52 ,0
CuNa,86.53576928,8.343321788,156.955052,1.642302213,100.9721909,679.162745,2388.943728,3.13 ,6.02 ,0
CuMg,87.851,8.510045418,145,1.736769644,85.64326416,743.3420394,2427.754095,3.40 ,5.24 ,0
CuK,102.6443,7.190894185,182.329237,1.488616572,91.7362593,621.056513,2148.218222,2.37 ,6.86 ,0
CuCa,103.624,7.519126843,163.9514205,1.551912684,73.52380974,685.2808944,2418.068749,3.10 ,6.26 ,0
CuCr,115.5421,8.749906744,154.4503917,1.791995524,94.05399097,703.8282729,2884.052033,3.95 ,5.33 ,0
CuCo,122.479194,10.03766196,148.3681832,1.89037662,92.08005449,752.6694184,3010.626693,3.92 ,5.39 ,0
CuNi,122.2394,10.51984876,146.920605,1.904801512,115.327032,741.4667295,3003.533087,3.77 ,6.11 ,0
CuZn,128.926,11.50711261,143.4786622,1.773221848,58.3578673,827.0944185,1995.728635,2.24 ,6.91 ,0
CuNb,156.45237,7.437010063,176.4730778,1.721850503,99.2192375,690.0361233,4130.740674,6.21 ,4.61 ,0
CuMo,159.496,7.992087576,172.0712118,2.056411446,90.42641446,708.6831519,4084.486821,6.04 ,3.69 ,1
CuRu,164.616,9.158076979,165.2611532,2.084192302,107.9010388,723.8267058,3809.991252,5.30 ,4.01 ,0
CuAg,171.4142,11,157.5856784,1.918878518,122.9308442,736.3753831,2583.286431,2.95 ,7.20 ,0
CuRh,166.45149,9.763537773,162.3104712,2.134927823,113.0213893,729.5496373,3535.455852,4.69 ,4.64 ,0
CuPd,169.966,10.37387477,160.0270054,2.087837568,77.88969794,782.3787758,3086.076215,3.82 ,4.80 ,0
CuCd,175.96,11.6388611,155.2217777,1.765839168,42.75884519,823.6327131,1688.244317,1.78 ,7.22 ,0
CuIn,178.364,5.850171559,152.0810141,1.822752573,60.78629432,624.9940145,2519.573008,3.55 ,5.91 ,0
CuW,247.386,7.284349155,180.6702481,2.241839878,88.82341927,763.7066891,5059.188596,7.51 ,4.64 ,0
CuOs,253.776,8.751205788,174.9839228,2.124879421,109.1799437,816.3370177,4671.515273,6.75 ,3.40 ,1
CuIr,255.763,9.496913158,171.3040197,2.125463026,142.9003155,846.5825901,4237.380024,5.86 ,4.34 ,0
CuV,114.4875,8.330284966,156.5687651,1.779862823,88.23222011,703.407493,3210.984867,4.54 ,5.00 ,0
CuSc,108.502,7.685332989,161.1590017,1.676259977,76.84236235,698.9289285,2946.041345,4.09 ,5.57 ,0
CuGe,134.176,7.315212855,134.4720367,1.957903798,118.7158389,754.1855697,2970.810726,4.41 ,5.23 ,0
Cu2Be,136.1041831,10.40406205,142.8148942,1.878148942,110.5601052,755.6971605,2828.90819,3.59 ,5.96 ,0
Cu2Na,150.0817693,9.468183751,151.8931731,1.751413824,108.3512854,707.2505483,2577.808052,3.37 ,6.00 ,0
Cu2Al,154.0735384,9.599030635,140.2717284,1.849214861,105.1083032,716.0796433,2827.46979,3.83 ,5.39 ,0
Cu2K,166.1903,8.647377735,168.0556982,1.645916795,101.9316441,668.6398306,2410.822206,2.91 ,6.54 ,0
Cu2Ca,167.17,8.842304241,156.7474547,1.684230424,90.58250679,708.1718634,2576.555997,3.38 ,5.82 ,0
Cu2Cr,179.0881,9.548309463,151.0971003,1.830318854,102.6927084,718.6146913,2866.646854,3.81 ,5.59 ,0
Cu2Co,186.025194,10.36639556,147.2176155,1.893663956,101.0709187,750.220353,2950.632809,3.74 ,5.78 ,0
Cu2Ni,185.7854,10.68407959,146.2636816,1.903159204,116.3781094,742.8462685,2945.888064,3.64 ,6.26 ,0
Cu2Zn,192.472,11.33968577,143.9809427,1.815078557,78.18120454,800.1554408,2272.820047,2.60 ,6.61 ,0
Cu2Nb,219.99837,8.466171136,167.382155,1.773308557,104.7595546,706.0567307,3756.469097,5.38 ,4.91 ,0
Cu2Mo,223.042,8.849059818,164.3584616,2.011848889,98.39625631,719.1724922,3728.500551,5.25 ,4.08 ,0
Cu2Ru,228.162,9.671075815,159.618166,2.032892419,110.8251321,729.8629921,3538.443869,4.74 ,4.83 ,0
Cu2Ag,234.9602,11,154.1818274,1.913772741,121.7054579,738.8431751,2651.363452,3.08 ,7.01 ,0
Cu2Rh,229.99749,10.10515989,157.5277616,2.070019622,114.5074455,733.9565625,3341.926924,4.31 ,5.34 ,0
Cu2Pd,233.512,10.54426325,155.937682,2.036721025,88.91383227,772.3428946,3017.750437,3.71 ,5.38 ,0
Cu2Cd,239.506,11.46935776,152.5097242,1.80143487,62.82804105,802.9024542,1992.502818,2.17 ,6.94 ,0
Cu2In,241.91,7.202951511,150.2209417,1.843044273,75.92052003,656.6490654,2602.43078,3.71 ,5.28 ,0
Cu2W,310.932,8.043726603,173.3802246,2.171977153,94.86806376,759.9857396,4604.625256,6.82 ,3.51 ,1
Cu2Os,317.322,9.201542912,168.9794278,2.079845709,111.0263259,802.1513983,4303.739955,6.05 ,3.67 ,1
Cu2Ir,319.309,9.796043957,166.0692307,2.080593406,138.0244835,826.4660439,3958.290988,5.32 ,4.94 ,0
Cu2Pt,322.176,10.39448004,164.3766389,2.130097586,171.0196849,820.8872355,3599.771715,4.56 ,6.61 ,0
Cu2Au,324.05857,11,162.6265375,2.288999448,181.8555349,833.3895627,3013.696621,3.49 ,7.83 ,0
Cu2Sn,245.802,7.619352161,145,1.928976981,113.0392584,727.6791564,2854.317988,4.18 ,5.23 ,0
Cu2V,178.0335,9.283193893,152.4394931,1.822743725,99.00009099,718.4316904,3076.783527,4.18 ,5.28 ,0
Cu2Sc,172.048,8.909606621,155.1906677,1.758898447,92.19169302,716.129973,2905.028178,3.94 ,5.41 ,0
Cu2Te,254.692,8.495013585,133.9780598,2.000199457,154.3716049,807.5234636,2046.430277,2.96 ,6.23 ,0
Cu2Ge,197.722,8.499468951,137.8556256,1.939294059,118.6143312,751.3941089,2927.16243,4.22 ,5.19 ,0
Cu2Ti,174.959,9.084871313,153.4812842,1.801507668,88.08624878,721.7797633,3033.352614,4.14 ,5.15 ,0
Cu3Be,199.6501831,10.59374118,143.5103843,1.885103843,113.0554395,752.4515398,2830.847132,3.53 ,6.14 ,0
Cu3Na,213.6277693,9.923839847,149.8427207,1.795612465,111.3403894,718.628281,2654.31271,3.42 ,6.10 ,0
Cu3Mg,214.943,9.98231159,145,1.833284871,105.0117436,744.6180034,2668.551407,3.48 ,5.82 ,0
Cu3K,229.7363,9.298122674,161.6783978,1.716197249,106.4868587,689.8996677,2528.151518,3.14 ,6.39 ,0
Cu3Ca,230.716,9.436597375,153.5118587,1.743659738,98.24426594,718.4531346,2647.739108,3.46 ,5.85 ,0
Cu3Cr,242.6341,9.928507988,149.5002665,1.848568383,106.8064564,725.6559679,2858.358526,3.72 ,5.81 ,0
Cu3Co,249.571194,10.52772439,146.6529646,1.895277244,105.4832621,749.0184533,2921.190299,3.66 ,5.97 ,0
Cu3Ni,249.3314,10.76459684,145.9416126,1.902354032,116.8934198,743.5226134,2917.62651,3.58 ,6.33 ,0
Cu3Zn,256.018,11.25537267,144.233882,1.836156833,88.16387598,786.5894625,2412.358233,2.79 ,6.52 ,0
Cu3Nb,283.54437,9.034035308,162.3660214,1.801701765,107.8165567,714.896483,3549.955826,4.92 ,5.17 ,0
Cu3Mo,286.588,9.32599411,160.066053,1.987048306,102.8317452,725.0101679,3530.382047,4.82 ,4.61 ,0
Cu3Ru,291.708,9.960570159,156.4337282,2.003942984,112.4752499,733.2693755,3385.204862,4.43 ,5.30 ,0
Cu3Ag,298.5062,11,152.2272,1.9108408,121.001792,740.26028,2690.456001,3.16 ,6.91 ,0
Cu3Rh,293.54349,10.29887398,154.8157643,2.033213945,115.3501018,736.4554743,3232.187893,4.11 ,5.70 ,0
Cu3Pd,297.058,10.64175346,153.5979169,2.007473961,95.22144901,766.6007211,2978.656862,3.65 ,5.70 ,0
Cu3Cd,303.052,11.37093964,150.9350343,1.822102675,74.48074654,790.8659181,2169.163345,2.41 ,6.79 ,0
Cu3In,305.456,7.992876224,149.1347952,1.854893143,84.75780276,675.1333037,2650.813669,3.75 ,5.09 ,0
Cu3W,374.478,8.545383173,168.5643215,2.125824748,98.86125006,757.5276225,4304.333632,6.24 ,3.36 ,1
Cu3Os,380.868,9.501606856,164.9785753,2.049839314,112.2565881,792.699384,4058.687734,5.57 ,4.14 ,0
Cu3Ir,382.855,9.995875723,162.5721748,2.050618642,134.7672257,813.0273576,3771.84795,4.97 ,5.37 ,0
Cu3Pt,385.722,10.49423678,161.184423,2.092190023,162.3508237,808.4675206,3473.778944,4.35 ,6.74 ,0
Cu3Sn,309.348,8.313801932,145,1.923024555,114.1404573,731.3398988,2850.349703,4.09 ,5.22 ,0
Cu3V,241.5795,9.734789169,150.4825803,1.843065513,104.1031176,725.5518426,3013.183859,3.99 ,5.56 ,0
Cu3Sc,235.594,9.473441599,152.4419722,1.796957308,99.26077404,724.0518545,2886.139706,3.84 ,5.57 ,0
Cu3Te,318.238,8.995211131,136.178929,1.980191555,147.1887682,795.1385724,2203.892464,3.10 ,6.20 ,0
Cu3Ti,238.505,9.595127985,151.2215761,1.827749439,96.16288296,728.0996566,2980.504602,3.97 ,5.41 ,0
Cu4Be,263.1961831,10.69182818,143.8700366,1.888700366,114.3458284,750.7731623,2831.849799,3.50 ,6.23 ,0
Cu4Na,277.1737693,10.17056476,148.7324586,1.819544781,112.9589048,724.789002,2695.737823,3.43 ,6.19 ,0
Cu4Mg,278.489,10.21452912,145,1.84850802,108.0666942,744.8192586,2706.531874,3.47 ,5.97 ,0
Cu4Al,281.1655384,10.23229458,142.4089942,1.872170679,111.1163948,729.3781862,2830.873583,3.65 ,5.86 ,0
Cu4K,293.2823,9.666871475,158.0646595,1.756022119,109.0681003,701.9466911,2594.636927,3.25 ,6.35 ,0
Cu4Ca,294.262,9.774214815,151.6737193,1.777421482,102.596905,724.2939163,2688.178175,3.48 ,5.94 ,0
Cu4Cr,306.1801,10.15089028,148.5662608,1.859242733,109.2126328,729.7744879,2853.510592,3.66 ,5.95 ,0
Cu4Co,313.117194,10.62357101,146.3175015,1.89623571,108.1046672,748.3043959,2903.69829,3.60 ,6.09 ,0
Cu4Ni,312.8774,10.81240767,145.7503693,1.901875923,117.1994091,743.9242244,2900.844907,3.54 ,6.37 ,0
Cu4Zn,319.564,11.20459126,144.3862262,1.848852186,94.17639534,778.418733,2496.401472,2.91 ,6.49 ,0
Cu4Nb,347.09037,9.393968061,159.1866155,1.819698403,109.7541947,720.4994361,3419.060282,4.63 ,5.39 ,0
Cu4Mo,350.134,9.629810301,157.3317073,1.971249864,105.6572358,728.7288781,3404.176801,4.56 ,5.00 ,0
Cu4Ru,355.254,10.146498,154.388522,1.9853502,113.5350386,735.4571265,3286.787059,4.24 ,5.59 ,0
Cu4Ag,362.0522,11,150.9587098,1.908938065,120.5451355,741.1799354,2715.825804,3.20 ,6.84 ,0
Cu4Rh,357.08949,10.42364313,153.0689961,2.009507805,115.8928476,738.0649964,3161.506166,3.98 ,5.90 ,0
Cu4Pd,360.604,10.70488403,152.0827833,1.988534792,99.30599661,762.8823308,2953.341505,3.60 ,5.89 ,0
Cu4Cd,366.598,11.30664106,149.906257,1.835605377,82.09369827,783.0022019,2284.579294,2.58 ,6.71 ,0
Cu4In,369.002,8.510734359,148.4227403,1.862661015,90.55134064,687.251184,2682.532479,3.75 ,5.10 ,0
Cu4W,438.024,8.90148485,165.1457454,2.093063394,101.6958194,755.7827242,4091.171169,5.81 ,3.59 ,1
Cu4Os,444.414,9.715859536,162.1218728,2.028414046,113.1350241,785.9504246,3883.714712,5.23 ,4.55 ,0
Cu4Ir,446.401,10.13881465,160.0707436,2.029177802,132.4373212,803.4147146,3638.485929,4.73 ,5.65 ,0
Cu4Pt,449.268,10.56577366,158.8952429,2.06500601,156.1342691,799.5611795,3383.427869,4.21 ,6.80 ,0
Cu4Au,451.15057,11,157.6610292,2.179415816,163.979705,808.630511,2963.356641,3.47 ,7.54 ,0
Cu4Sn,372.894,8.77156511,145,1.91910087,114.866339,733.7529646,2847.733914,4.01 ,5.31 ,0
Cu4V,305.1255,9.998284313,149.340768,1.854922794,107.0806127,729.7062827,2976.074959,3.87 ,5.75 ,0
Cu4Sc,299.14,9.797726817,150.8610818,1.81884656,103.3265,728.6080618,2875.276152,3.76 ,5.73 ,0
Cu4Te,381.784,9.328898016,137.6471513,1.966844079,142.3970245,786.8764851,2308.937095,3.18 ,6.20 ,0
Cu4Ge,324.814,9.477867333,140.6510495,1.923919228,118.5304685,749.0878841,2891.101461,3.95 ,5.51 ,0
Cu4Ti,302.051,9.890687334,149.9126704,1.842949634,100.8411652,731.7603703,2949.893098,3.86 ,5.62 ,0
Cu9Be,580.9261831,10.86037874,144.4880554,1.894880554,116.5632047,747.889075,2833.57276,3.44 ,6.39 ,0
Cu9Na,594.9037693,10.61355482,146.7390033,1.862514818,115.8649196,735.8504639,2770.115855,3.43 ,6.36 ,0
Cu9Mg,596.219,10.633113,145,1.875948519,113.5733977,745.1820313,2774.993593,3.44 ,6.26 ,0
Cu9Al,598.8955384,10.63958271,143.7835916,1.886934873,114.980541,737.9312369,2833.062757,3.52 ,6.21 ,0
Cu9K,611.0123,10.36010617,151.2709595,1.830891467,113.9207432,724.5946686,2719.627143,3.39 ,6.39 ,0
Cu9Ca,611.992,10.41060994,148.2089014,1.841060994,110.8014524,735.303552,2764.404169,3.47 ,6.21 ,0
Cu9Cr,623.9101,10.58330455,146.7501209,1.879998618,113.8913552,737.7828003,2844.083961,3.53 ,6.24 ,0
Cu9Co,630.847194,10.81316175,145.6539339,1.898131617,113.2899738,746.891945,2869.097981,3.50 ,6.31 ,0
Cu9Ni,630.6074,10.90692561,145.3722976,1.900930744,117.8043239,744.7181751,2867.669111,3.46 ,6.45 ,0
Cu9Zn,637.294,11.10259001,144.69223,1.874352497,106.2533424,762.0067332,2665.213528,3.15 ,6.48 ,0
Cu9Nb,664.82037,10.16152055,152.4065685,1.858076027,113.8861856,732.4476699,3139.927028,4.04 ,5.94 ,0
Cu9Mo,667.864,10.28166513,151.4650138,1.937353413,111.7194857,736.7075812,3133.396305,4.00 ,5.83 ,0
Cu9Ru,672.984,10.54945437,149.9560019,1.945054563,115.8318899,740.1985798,3073.48882,3.83 ,6.11 ,0
Cu9Ag,679.7822,11,148.1736106,1.904760416,119.5424998,743.1991323,2771.527788,3.30 ,6.68 ,0
Cu9Rh,674.81949,10.69501328,149.269814,1.957947476,117.0733078,741.5656714,3007.774974,3.70 ,6.26 ,0
Cu9Pd,678.334,10.84311563,148.7652248,1.94706531,108.2495815,754.7404892,2897.910631,3.51 ,6.24 ,0
Cu9Cd,684.328,11.16426918,147.6283069,1.865503472,98.95052899,765.5901208,2540.13682,2.95 ,6.58 ,0
Cu9In,686.732,9.662441826,146.8391425,1.879936627,103.4360679,714.2011387,2753.074562,3.66 ,5.56 ,0
Cu9W,755.754,9.783731214,156.6761803,2.011896728,108.7185005,751.4597171,3563.058495,4.75 ,4.89 ,0
Cu9Os,762.144,10.2512045,154.98394,1.97487955,115.3299384,769.0870584,3446.516328,4.43 ,5.59 ,0
Cu9Ir,764.131,10.4969004,153.804243,1.97546494,126.6005235,779.3334481,3304.391926,4.15 ,6.18 ,0
Cu9Pt,766.998,10.74565253,153.139119,1.996652038,140.5027951,777.1662599,3156.240853,3.86 ,6.78 ,0
Cu9Au,768.88057,11,152.4290218,2.063950826,145.1444785,782.5426398,2910.314911,3.45 ,7.16 ,0
Cu9Sn,690.624,9.796783778,145,1.910313282,116.4920428,739.1573316,2841.875521,3.77 ,5.76 ,0
Cu9V,622.8555,10.50927783,147.1264627,1.877917503,112.8548395,737.7629472,2904.110038,3.64 ,6.15 ,0
Cu9Sc,616.87,10.41697927,147.8422261,1.8606461,111.0903776,737.3085587,2854.531195,3.59 ,6.13 ,0
Cu9Te,699.514,10.0879382,140.9869281,1.936482472,131.4972075,768.0826502,2547.882944,3.32 ,6.28 ,0
Cu9Ge,642.544,10.23054297,142.8015513,1.912091468,118.4659535,747.3137201,2863.359988,3.69 ,5.97 ,0
Cu9Ti,619.781,10.45937517,147.3941957,1.872196437,109.8426812,738.8039753,2890.993286,3.63 ,6.08 ,0
CoBe,67.9453771,8.071529449,146.694454,1.838882018,55.25091799,778.8500362,3139.384137,4.56 ,4.62 ,0
CoNa,81.92296328,6.754986552,162.6638139,1.613404653,60.64116918,686.1461802,2626.399064,3.54 ,6.16 ,0
CoMg,83.238194,6.956046475,149.9560465,1.713563784,45.10002293,753.7717507,2663.608196,3.83 ,5.37 ,0
CoAl,85.9147324,7.115698834,141.3222934,1.795206448,57.04213588,702.9602195,3071.867521,4.57 ,4.73 ,0
CoK,98.031494,5.809327419,188.2939006,1.457235883,57.59783869,624.1582808,2335.32773,2.73 ,6.91 ,0
CoCa,99.011194,6.166522404,169.0008656,1.523791388,38.87468843,691.3441031,2615.898833,3.42 ,6.63 ,0
CoCr,110.929294,7.593804266,158.5622468,1.77687898,63.98123915,710.0113195,3080.004631,4.38 ,5.15 ,0
CoNi,117.626594,9.498980698,150.5030579,1.894969421,87.80076772,748.7737497,3193.01427,4.32 ,4.91 ,0
CoZn,124.313194,10.57778908,146.7407031,1.759036171,30.19827853,837.1857352,2137.622019,2.60 ,6.54 ,0
CoNb,151.839564,6.552512203,180.1461097,1.708675854,77.40593166,694.1342679,4311.771332,6.56 ,4.57 ,0
CoMo,154.883194,7.141502686,175.540966,2.053459749,68.77989266,713.2561181,4260.582467,6.44 ,4.27 ,0
CoRu,160.003194,8.36832511,168.4235471,2.082135965,87.45097587,728.6899205,3972.538391,5.77 ,3.56 ,0
CoAg,166.801394,10.29337288,160.4069237,1.912334322,103.7298908,741.3874186,2705.284872,3.26 ,6.32 ,0
CoRh,161.838684,9,165.3528971,2.134340897,92.94920311,734.5208138,3688.334522,5.14 ,3.69 ,0
CoPd,165.353194,9.643592043,162.9410647,2.085949454,57.26407957,788.7180499,3223.169314,4.21 ,4.06 ,0
CoCd,171.347194,10.9681793,157.9045379,1.755348644,21.90899291,830.8608189,1782.910905,1.94 ,6.98 ,0
CoIn,173.751194,5.035089117,154.6432739,1.813918152,40.70351688,626.8485851,2635.000199,3.66 ,6.23 ,0
CoW,242.773194,6.728250014,183.0472498,2.243479998,74.98302493,767.6696,5190.052987,7.63 ,5.43 ,0
CoOs,249.163194,8.236524476,177.1946923,2.124312168,96.0713622,821.1726517,4791.846467,7.06 ,3.56 ,1
CoIr,251.150194,9,173.4297107,2.124910979,130.5147766,851.9354786,4348.785563,6.22 ,3.77 ,0
CoPt,254.017194,9.767995256,171.1998814,2.187198103,172.4481283,844.5722801,3889.65974,5.23 ,5.51 ,0
CoAu,255.899764,10.53940408,168.9334448,2.388003345,186.1595943,860.2303544,3145.351155,3.77 ,7.52 ,0
CoV,109.874694,7.145469238,160.8090211,1.764091827,57.62641175,709.6322204,3422.543691,5.00 ,5.08 ,0
CoSc,103.889194,6.40361832,165.847369,1.654980254,43.96749924,705.3134354,3158.025163,4.49 ,5.91 ,0
CoTe,186.533194,6.947818338,132.1622439,2.030493322,150.2336601,834.8941943,1873.606586,2.80 ,6.16 ,0
CoGe,129.563194,6.274303071,137.2812366,1.95086812,93.84620803,761.272223,3141.670086,4.67 ,5.18 ,0
CoTi,106.800194,6.759039651,162.7566097,1.727614696,38.55642489,714.8636857,3361.349145,4.89 ,5.47 ,0
Co2Be,126.8785711,8.5027901,149.1588006,1.857980704,59.17538991,770.280271,3167.539297,4.52 ,4.58 ,0
Co2Na,140.8561573,7.694283887,158.2021515,1.724946212,61.9209618,717.2134395,2866.389533,3.99 ,5.39 ,0
Co2Mg,142.171388,7.803310551,150.8033106,1.782555288,52.81012601,756.5193071,2885.954497,4.14 ,4.99 ,0
Co2Al,144.8479264,7.882350377,145.6666521,1.829705767,59.75097133,726.330314,3123.999826,4.57 ,4.63 ,0
Co2K,156.964688,7.00728174,174.6671702,1.615964831,59.88892633,675.3109303,2659.973351,3.39 ,6.50 ,0
Co2Ca,157.944388,7.223767216,162.6573967,1.656702164,48.13766334,717.1106696,2833.842299,3.89 ,5.85 ,0
Co2Cr,169.862488,8.08167894,156.2854983,1.812656456,63.88366421,727.4934954,3121.636603,4.43 ,4.86 ,0
Co2Ni,176.559788,9.332427903,151.0027163,1.889972837,79.75626769,752.6544299,3195.346009,4.37 ,4.76 ,0
Co2Cu,181.412388,9.700569577,149.5480065,1.887005696,82.86057794,755.1807566,3072.146052,4.10 ,5.04 ,0
Co2Zn,183.246388,10.07036216,148.4321261,1.797938901,40.97264343,812.4909585,2479.289478,3.15 ,5.82 ,0
Co2Nb,210.772758,7.236842923,172.2763064,1.756579005,73.57367963,712.6625221,4000.914102,5.98 ,4.68 ,0
Co2Mo,213.816388,7.653751461,169.0524815,2.005649864,67.37974601,726.2501621,3968.259166,5.88 ,4.03 ,0
Co2Ru,218.936388,8.53835906,164.0026644,2.027725101,81.05769935,737.2256248,3764.58687,5.38 ,3.79 ,0
Co2Ag,225.734588,9.955708214,158.2121034,1.903892705,93.27916923,746.3510893,2834.441608,3.57 ,5.71 ,0
Co2Rh,220.771878,9,161.7884536,2.066446736,85.14137461,741.4290446,3557.977733,4.94 ,3.91 ,0
Co2Pd,224.286388,9.474482651,160.0662051,2.031834448,58.95517349,781.2772367,3217.081375,4.27 ,4.21 ,0
Co2Cd,230.280388,10.46448424,156.3934527,1.787249331,32.60411788,812.8285359,2145.571344,2.49 ,6.40 ,0
Co2In,232.684388,6.039302869,153.9737981,1.830655048,46.52795664,660.6738516,2778.100659,3.97 ,5.74 ,0
Co2W,301.706388,7.171997605,176.9826994,2.172480383,72.77907856,766.2496077,4801.330098,7.20 ,4.45 ,0
Co2Os,308.096388,8.382563355,172.3754093,2.077579726,89.87931373,809.5479569,4487.355404,6.58 ,3.43 ,1
Co2Ir,310.083388,9,169.3568666,2.07836419,117.8162305,834.5386159,4130.452027,5.86 ,3.84 ,0
Co2Pt,312.950388,9.623370373,167.5842593,2.129348149,151.9692448,828.7213928,3759.786595,5.07 ,5.28 ,0
Co2Au,314.832958,10.25124492,165.7636941,2.292910824,163.2365336,841.5432332,3155.580805,3.90 ,6.78 ,0
Co2Sn,236.576388,6.491085205,148.4875193,1.920142637,85.57773701,734.4076427,3036.920538,4.48 ,5.24 ,0
Co2V,168.807888,7.792911857,157.7336687,1.804556991,59.74678633,727.3559621,3344.850577,4.83 ,4.80 ,0
Co2Sc,162.822388,7.34337278,160.8353452,1.736425641,51.10963313,725.2518925,3173.21786,4.54 ,5.31 ,0
Co2Te,245.466388,7.440519685,136.9250236,1.99436189,129.4580866,817.0091354,2192.05589,3.23 ,5.78 ,0
Co2Ge,188.496388,7.126489299,141.8830422,1.928711278,84.42102835,760.9995234,3159.906871,4.70 ,4.78 ,0
Co2Ti,165.733388,7.555903533,158.931663,1.78180144,47.49723765,731.0559598,3303.974946,4.77 ,5.02 ,0
Co3Be,185.8117651,8.660488228,150.0599327,1.864964479,60.61044287,767.1465839,3177.834731,4.50 ,4.57 ,0
Co3Na,199.7893513,8.079439655,156.3726616,1.770683459,62.44573653,729.9524666,2964.796832,4.15 ,5.09 ,0
Co3Mg,201.104582,8.153997396,151.1539974,1.811111217,56.00137631,757.6565344,2977.984745,4.24 ,4.84 ,0
Co3Al,203.7811204,8.205572969,147.4982468,1.844250784,60.89302449,736.183216,3145.978962,4.55 ,4.59 ,0
Co3K,215.897882,7.551229882,168.4797601,1.688037959,60.92922715,698.537516,2807.383298,3.72 ,5.97 ,0
Co3Ca,216.877582,7.706431539,159.7614108,1.717379965,52.36649233,728.8738886,2933.340102,4.08 ,5.42 ,0
Co3Cr,228.795682,8.318220088,155.1816396,1.830002806,63.83635598,735.9695531,3141.821447,4.44 ,4.76 ,0
Co3Ni,235.492982,9.249236302,151.2522911,1.887477089,75.73811339,754.5927942,3196.510692,4.39 ,4.69 ,0
Co3Cu,240.345582,9.528788584,150.14924,1.885287886,78.16236778,756.460525,3103.496083,4.18 ,4.89 ,0
Co3Zn,242.179582,9.809894866,149.3003504,1.81790806,46.50323236,799.8148835,2654.670791,3.45 ,5.46 ,0
Co3Nb,269.705952,7.622108718,167.8457497,1.78354761,71.41619118,723.0935935,3825.907115,5.64 ,4.66 ,0
Co3Mo,272.749582,7.944636329,165.3679398,1.978500609,66.5846607,733.6289416,3802.260868,5.55 ,4.04 ,0
Co3Ru,277.869582,8.636268212,161.4570265,1.996394172,77.37631524,742.1406642,3644.843977,5.17 ,3.96 ,0
Co3Ag,284.667782,9.757853237,156.926046,1.898946331,87.15555768,749.2595574,2910.121137,3.75 ,5.39 ,0
Co3Rh,279.705072,9,159.7260497,2.027162852,80.62372793,745.4261799,3482.552675,4.83 ,4.06 ,0
Co3Pd,283.219582,9.375750855,158.3877645,2.000240273,59.94249145,776.9330376,3213.527031,4.31 ,4.30 ,0
Co3Cd,289.213582,10.16606557,155.4981967,1.806149181,38.94054109,802.1451474,2360.43279,2.85 ,6.01 ,0
Co3In,291.617582,6.637632151,153.5749119,1.840627203,49.99826647,680.8275763,2863.362581,4.12 ,5.40 ,0
Co3W,360.639582,7.47071695,172.9002017,2.124685288,71.29543915,765.2937058,4539.651952,6.80 ,3.97 ,0
Co3Os,367.029582,8.481703903,169.1037712,2.045854751,85.67575453,801.6563694,4280.647363,6.23 ,3.48 ,1
Co3Ir,369.016582,9,166.5849164,2.046684759,109.1736858,822.6984286,3981.855697,5.62 ,3.93 ,0
Co3Pt,371.883582,9.524583524,165.1145881,2.08983341,137.981027,817.8943542,3671.076005,4.97 ,5.10 ,0
Co3Au,373.766152,10.05395616,163.5935178,2.227805534,147.5422129,828.7490573,3162.584556,3.99 ,6.24 ,0
Co3Sn,295.509582,6.991435689,149.18801,1.912137029,81.21468079,739.5912737,3069.44332,4.52 ,4.97 ,0
Co3V,227.741082,8.105273417,156.2499513,1.824079589,60.76977044,735.9068598,3307.36719,4.74 ,4.69 ,0
Co3Sc,221.755582,7.783633776,158.4872865,1.774581594,54.4556167,734.5927633,3180.335413,4.54 ,5.03 ,0
Co3Te,304.399582,7.742442426,139.8436101,1.972220889,116.7270111,806.04934,2387.198621,3.49 ,5.48 ,0
Co3Ge,247.429582,7.572725229,144.2927162,1.917109144,79.48565897,760.8567279,3169.45632,4.68 ,4.62 ,0
Co3Ti,224.666582,7.934710281,157.1133907,1.807560299,51.74744935,738.7533129,3276.70086,4.70 ,4.82 ,0
Co4Be,244.7449591,8.742240731,150.5270899,1.868584947,61.35439065,765.5220449,3183.172002,4.48 ,4.57 ,0
Co4Na,258.7225453,8.289129774,155.3766336,1.795584161,62.73143932,736.8879673,3018.372657,4.23 ,4.95 ,0
Co4Mg,260.037776,8.345729676,151.3457297,1.826723702,57.74614005,758.2782948,3028.300773,4.30 ,4.77 ,0
Co4Al,262.7143144,8.383782225,148.5080993,1.8522702,61.52269719,741.6156281,3158.097191,4.53 ,4.58 ,0
Co4K,274.831076,7.861895807,164.9459352,1.729201194,61.52337573,711.802951,2891.573764,3.91 ,5.61 ,0
Co4Ca,275.810776,7.982831621,158.1030103,1.752127404,54.7881519,735.6101535,2990.318004,4.18 ,5.19 ,0
Co4Cr,287.728876,8.45786359,154.5299699,1.84024333,63.80842728,740.9734453,3153.737693,4.45 ,4.70 ,0
Co4Ni,294.426176,9.199348444,151.4019547,1.885980453,73.32852984,755.7551813,3197.209122,4.40 ,4.66 ,0
Co4Cu,299.278776,9.424660919,150.5136868,1.884246609,75.31447613,757.2362762,3122.499382,4.24 ,4.81 ,0
Co4Zn,301.112776,9.651383852,149.8287205,1.830060571,49.86894954,792.1006808,2761.401539,3.64 ,5.26 ,0
Co4Nb,328.639146,7.869198985,165.0042117,1.800843929,70.03248569,729.7835625,3713.666361,5.41 ,4.62 ,0
Co4Mo,331.682776,8.132152705,162.9927324,1.960999081,66.07211594,738.3856069,3695.251523,5.35 ,4.09 ,0
Co4Ru,336.802776,8.6999134,159.8022516,1.976027712,74.98325617,745.3356527,3567.005912,5.04 ,4.07 ,0
Co4Ag,343.600976,9.627868997,156.0811485,1.895696725,83.13254544,751.1703258,2959.840109,3.87 ,5.20 ,0
Co4Rh,338.638266,9,158.3814858,2.001552111,77.67849273,748.0320727,3433.380053,4.76 ,4.15 ,0
Co4Pd,342.152776,9.311030649,157.287521,1.979529808,60.58969351,774.0853486,3211.197103,4.33 ,4.36 ,0
Co4Cd,348.146776,9.968677648,154.9060329,1.818650416,43.13174462,795.0786598,2502.552094,3.11 ,5.73 ,0
Co4In,350.550776,7.034783982,153.310144,1.8472464,52.3017471,694.2049738,2919.956717,4.21 ,5.17 ,0
Co4W,419.572776,7.685520054,169.9645593,2.090316791,70.22858373,764.6063358,4351.484433,6.49 ,3.78 ,1
Co4Os,425.962776,8.553411681,166.7374145,2.022908262,82.63534472,795.9484302,4131.136645,5.97 ,3.58 ,1
Co4Ir,427.949776,9,164.5764197,2.023730511,102.91148,814.1192785,3874.185928,5.45 ,4.01 ,0
Co4Pt,430.816776,9.452823592,163.3205898,2.061129437,127.8198206,810.0294657,3606.635586,4.89 ,4.97 ,0
Co4Au,432.699346,9.910408448,162.0144929,2.180434788,136.122992,819.4399878,3167.6805,4.06 ,5.85 ,0
Co4Sn,354.442776,7.325399641,149.6555595,1.906793606,78.30251513,743.0511403,3091.150977,4.53 ,4.81 ,0
Co4V,286.674276,8.28920724,155.3762656,1.835575452,61.37215371,740.9420482,3285.295131,4.68 ,4.64 ,0
Co4Sc,280.688776,8.039021069,157.125221,1.796715159,56.39656012,740.0112303,3184.464174,4.53 ,4.89 ,0
Co4Te,363.332776,7.946420402,141.8153972,1.957262504,108.1259397,798.6449394,2519.036387,3.65 ,5.27 ,0
Co4Ge,306.362776,7.847281629,145.7753208,1.909970678,76.44906518,760.7688699,3175.331827,4.65 ,4.55 ,0
Co4Ti,283.599776,8.156081844,156.0508071,1.822613565,54.23123829,743.2515831,3260.762107,4.66 ,4.73 ,0
RuBe,110.0821831,7.508793366,172.596727,2.148423303,93.00679467,725.6975693,4285.462143,6.43 ,3.79 ,1
RuNa,124.0597693,6.7028157,180.2237445,1.964653706,92.31236592,670.469098,3817.585556,5.67 ,4.80 ,0
RuMg,125.375,6.836849452,171.602672,2.027466002,81.66214158,715.5311067,3829.79322,5.70 ,4.55 ,0
RuK,140.1683,6.047432265,196.1309861,1.815065218,86.54416669,628.9173946,3477.120402,4.92 ,5.64 ,0
RuCa,141.148,6.296341429,182.5430895,1.859268286,73.20950959,676.0132513,3666.007708,5.38 ,5.35 ,0
RuCr,153.0661,7.320605934,173.9236356,2.016563602,88.73120978,690.73536,3920.588088,5.84 ,4.20 ,0
RuNi,159.7634,8.734754018,167.3460667,2.093460667,105.230934,720.0824415,3968.55464,5.67 ,3.68 ,0
RuZn,166.45,9.571162511,163.8595374,1.983965155,61.5103094,787.2655212,3149.179994,4.09 ,4.52 ,0
RuNb,193.97637,6.56312854,187.5791431,1.912625708,94.01985127,682.3725894,4707.500549,7.17 ,4.43 ,0
RuMo,197.02,7.025987209,183.8440767,2.180519744,86.98201198,697.5865344,4661.146127,7.10 ,4.68 ,0
RuAg,208.9382,9.548805341,171.2885102,2.060607519,113.8453233,720.9383837,3396.658328,4.45 ,4.97 ,0
RuRh,203.97549,8.504499291,175.4775035,2.240359943,105.537794,714.9927433,4193.452823,6.12 ,3.40 ,1
RuPd,207.49,9.025784375,173.3839703,2.2,76.88633187,758.5144441,3814.196973,5.33 ,3.34 ,0
RuCd,213.484,10.10627494,169.0483315,1.931449945,47.95858706,793.1872328,2641.617967,3.06 ,5.42 ,0
RuIn,215.888,5.34079708,166.2995072,1.976626955,62.79474172,629.4134153,3317.835266,4.73 ,6.07 ,0
RuW,284.91,6.709487206,187.678846,2.303241023,86.65267979,748.7863325,5329.585237,7.75 ,5.83 ,0
RuPt,296.154,9.317449705,177.3412751,2.252697988,169.8073847,815.4642314,4208.914423,5.91 ,4.59 ,0
RuAu,298.03657,9.982641627,175.3564778,2.424699384,181.5969859,829.0924096,3567.820578,4.59 ,6.39 ,0
RuSn,219.78,5.839475839,160.1756757,2.07036855,104.5407862,709.3357903,3586.87715,5.27 ,5.41 ,0
RuV,152.0115,6.99465172,175.6541873,2.008983827,84.30961408,690.3276157,4174.008743,6.31 ,4.28 ,0
RuSc,146.026,6.460685083,179.8471779,1.941395094,75.68579979,686.463764,4016.620862,6.05 ,4.84 ,0
RuTe,228.67,6.883981283,147.3094853,2.144199064,150.907032,798.9792889,2658.574409,3.87 ,6.08 ,0
RuGe,171.7,6.354571928,156.198078,2.121842167,108.5810192,731.5082935,3875.895166,5.75 ,4.86 ,0
RuTi,148.937,6.714436305,177.3572182,1.98788199,71.18567045,693.6805065,4145.639633,6.27 ,4.60 ,0
Ru2Be,211.1521831,7.743914092,175.183055,2.17311098,96.97641625,718.2795104,4351.295946,6.53 ,3.68 ,1
Ru2Na,225.1297693,7.285175011,179.2254143,2.070310323,96.347284,688.3059318,4089.380966,6.15 ,4.14 ,0
Ru2Mg,226.445,7.356002561,174.4580141,2.104473713,90.42717658,713.1516549,4094.561306,6.14 ,3.98 ,0
Ru2Al,229.1215384,7.41119594,170.9343513,2.130521121,94.37566426,694.5731403,4230.932116,6.34 ,3.83 ,0
Ru2K,241.2383,6.865486533,188.5347679,1.976338774,92.72631966,662.9718251,3873.409262,5.76 ,4.82 ,0
Ru2Ca,242.218,7.007224897,180.6474003,2.001444979,84.93079317,690.2783129,3981.876929,5.98 ,4.49 ,0
Ru2Cr,254.1361,7.590801149,175.5448069,2.08951631,93.72982127,698.4764529,4120.39745,6.17 ,3.86 ,0
Ru2Co,261.073194,8.225734374,172.1309063,2.127765,92.81238754,721.5318656,4146.926861,6.10 ,3.47 ,1
Ru2Ni,260.8334,8.450045125,171.4743457,2.134743457,103.7077414,716.2531069,4144.64709,6.04 ,3.46 ,1
Ru2Cu,265.686,8.717531221,170.1071566,2.128246878,105.389928,718.6429507,4043.186807,5.81 ,3.53 ,1
Ru2Zn,267.52,8.97757177,169.2018541,2.065583882,76.54299492,758.1498953,3630.433687,5.03 ,3.77 ,0
Ru2Nb,295.04637,7.055337946,184.297747,2.011067589,96.51371226,691.9050449,4610.043087,7.03 ,4.27 ,0
Ru2Mo,298.09,7.356234694,181.8625918,2.187124694,91.83665001,701.8632393,4580.400617,6.96 ,4.27 ,0
Ru2Ag,310.0082,9.043858195,173.4766145,2.106052762,109.7552514,717.4374168,3731.26997,5.18 ,4.03 ,0
Ru2Rh,305.04549,8.337344735,176.3132763,2.226987579,104.1336958,713.404775,4269.508146,6.29 ,3.45 ,1
Ru2Pd,308.56,8.689784807,174.8959684,2.2,84.8831216,742.6888644,4013.612717,5.77 ,3.33 ,1
Ru2Cd,314.554,9.42950336,171.9246107,2.017738322,65.0978274,766.5224324,3213.997533,4.15 ,4.42 ,0
Ru2In,316.958,6.18875056,170.0305025,2.047855047,75.07310811,655.174242,3670.244733,5.41 ,5.17 ,0
Ru2W,385.98,7.047411783,185.1444116,2.276207057,90.48812374,738.6823877,5092.193222,7.59 ,5.19 ,0
Ru2Os,392.37,8,181.393761,2.2,103.6271504,773.1300252,4840.917425,7.21 ,3.88 ,1
Ru2Ir,394.357,8.48741876,178.9748375,2.2,125.5247124,792.9637055,4558.502415,6.71 ,3.59 ,1
Ru2Pt,397.224,8.982236723,177.5088816,2.239289469,152.3763096,788.6807142,4263.386533,6.11 ,4.06 ,0
Ru2Au,399.10657,9.480556208,176.0259251,2.36779637,161.2625264,798.9840206,3784.386755,5.13 ,5.09 ,0
Ru2Sn,320.85,6.520056101,165.7904628,2.111203366,103.5199158,709.6080224,3850.261711,5.73 ,4.67 ,0
Ru2V,253.0815,7.396145115,176.5910053,2.085267572,91.09485245,698.2638018,4273.445274,6.45 ,3.95 ,0
Ru2Sc,247.096,7.090313077,179.0916243,2.047172597,86.1628096,696.1726276,4182.842652,6.33 ,4.26 ,0
Ru2Te,329.74,7.226056893,156.7165646,2.161302845,135.7017711,771.7671741,3199.395948,4.64 ,5.26 ,0
Ru2Ge,272.77,6.9642556,164.2763867,2.150802141,105.883169,723.61289,4078.614987,6.09 ,4.20 ,0
Ru2Ti,250.007,7.234149444,177.6170747,2.073634658,83.35995072,700.3588204,4257.767743,6.44 ,4.13 ,0
Ru3Be,312.2221831,7.826812118,176.0949333,2.181815272,98.37601126,715.6640777,4374.507393,6.56 ,3.66 ,1
Ru3Na,326.1997693,7.506656963,178.8457309,2.110493478,97.88183753,695.0896075,4192.749757,6.31 ,3.94 ,0
Ru3Mg,327.515,7.554737951,175.5510587,2.133952796,93.7824924,712.2407844,4195.916355,6.30 ,3.83 ,0
Ru3Al,330.1915384,7.591425956,173.0971115,2.151788263,96.49516925,699.3564449,4289.723147,6.43 ,3.74 ,1
Ru3K,342.3083,7.20046315,185.4242708,2.042377021,95.2577858,676.9164231,4035.681506,6.06 ,4.41 ,0
Ru3Ca,343.288,7.299515276,179.8679593,2.059903055,89.75017437,696.1436065,4111.751288,6.20 ,4.16 ,0
Ru3Cr,355.2061,7.707234194,176.2434052,2.120953233,95.8838326,701.8122597,4206.499687,6.30 ,3.75 ,1
Ru3Co,362.143194,8.162734507,173.7689028,2.147924958,95.18118255,718.3692722,4223.975698,6.24 ,3.47 ,1
Ru3Ni,361.9034,8.324359484,173.2967875,2.152967875,103.0353232,714.5626351,4222.383659,6.20 ,3.44 ,1
Ru3Cu,366.756,8.519795177,172.2822531,2.148020482,104.2628325,716.3162566,4147.855086,6.03 ,3.43 ,1
Ru3Zn,368.59,8.709514637,171.6143683,2.102441737,83.33154182,745.0016929,3847.761008,5.47 ,3.54 ,0
Ru3Nb,396.11637,7.296370635,182.6908624,2.059274127,97.73494455,696.5730446,4562.318614,6.95 ,4.13 ,0
Ru3Mo,399.16,7.519240405,180.8845576,2.190384808,94.23283395,703.9741632,4540.545721,6.88 ,4.08 ,0
Ru3Ag,411.0782,8.787209344,174.5887595,2.129151159,107.6763957,715.6579848,3901.342608,5.55 ,3.70 ,0
Ru3Rh,406.11549,8.253389719,176.7330514,2.220271178,103.4284736,712.6072023,4307.707678,6.38 ,3.48 ,1
Ru3Pd,409.63,8.51959085,175.6618412,2.2,88.93373776,734.672729,4114.62283,5.99 ,3.36 ,1
Ru3Cd,415.624,9.081881701,173.4020028,2.062060083,73.90134593,752.826139,3507.998552,4.76 ,3.96 ,0
Ru3In,418.028,6.626670941,171.9573521,2.084640359,81.41419522,668.4782632,3852.244443,5.74 ,4.66 ,0
Ru3W,487.05,7.245087773,183.6618417,2.260392978,92.73174623,732.7718756,4953.325839,7.44 ,4.81 ,0
Ru3Os,493.44,8,180.698626,2.2,103.1504864,760.2402359,4755.316513,7.10 ,3.82 ,1
Ru3Ir,495.427,8.387982488,178.775965,2.2,120.5827296,776.0794264,4530.859132,6.70 ,3.57 ,1
Ru3Pt,498.294,8.783007622,177.6084962,2.231320305,142.0163963,772.762309,4295.761261,6.22 ,3.82 ,0
Ru3Au,500.17657,9.181382227,176.4248237,2.333889986,149.1459802,781.0435542,3913.430466,5.45 ,4.42 ,0
Ru3Sn,421.92,6.874573379,168.7152304,2.132474403,102.9881399,709.7498294,3987.459898,5.97 ,4.30 ,0
Ru3V,354.1515,7.56847705,176.9931131,2.11801064,94.00726215,701.6702297,4316.126149,6.50 ,3.84 ,0
Ru3Sc,348.166,7.354388424,178.7747339,2.091537255,90.55702337,700.2446695,4252.558544,6.43 ,4.04 ,0
Ru3Te,430.81,7.407627492,161.709756,2.170381375,127.630958,757.323233,3486.459065,5.08 ,4.68 ,0
Ru3Ge,373.84,7.244275626,167.986652,2.164103092,104.6440804,719.9866306,4171.721646,6.24 ,3.96 ,0
Ru3Ti,351.077,7.454626763,177.7273134,2.110013416,88.52463192,703.1919539,4305.335724,6.50 ,3.95 ,0
Ru4Be,413.2921831,7.869164962,176.5608146,2.186262321,99.09106844,714.3278455,4386.366189,6.57 ,3.65 ,1
Ru4Na,427.2697693,7.623356492,178.6456746,2.131666106,98.69039855,698.6639474,4247.215094,6.39 ,3.85 ,0
Ru4Mg,428.585,7.659740775,176.1285743,2.149528215,95.55529008,711.7595214,4249.467795,6.38 ,3.76 ,1
Ru4Al,431.2615384,7.687178939,174.2461473,2.163087115,97.62122432,701.897729,4320.95777,6.48 ,3.70 ,1
Ru4K,443.3783,7.382721031,183.7318761,2.07830786,96.63513465,684.5035583,4123.972431,6.21 ,4.20 ,0
Ru4Ca,444.358,7.458841745,179.4430887,2.091768349,92.3772023,699.3407577,4182.545349,6.30 ,4.01 ,0
Ru4Cr,456.2761,7.772084928,176.6325096,2.138462931,97.08357118,703.6702332,4254.456805,6.38 ,3.71 ,1
Ru4Co,463.213194,8.127226933,174.6920997,2.159287381,96.51626732,716.586792,4267.401461,6.33 ,3.49 ,1
Ru4Ni,462.9734,8.253549772,174.3235283,2.163235283,102.6564913,713.6102444,4266.179466,6.30 ,3.45 ,1
Ru4Cu,467.826,8.407497659,173.5175257,2.159250234,103.6227367,714.9948891,4207.297906,6.16 ,3.42 ,1
Ru4Zn,469.66,8.556828344,172.9885449,2.123436103,87.19832219,737.5124303,3971.55142,5.73 ,3.46 ,1
Ru4Nb,497.18637,7.439407178,181.7372855,2.087881436,98.45966304,699.3431857,4533.997379,6.89 ,4.03 ,0
Ru4Mo,500.23,7.616376467,180.3017412,2.192327529,95.66073406,705.2320752,4516.795954,6.83 ,3.98 ,0
Ru4Ag,512.1482,8.631857341,175.2619515,2.143132839,106.4180445,714.5808776,4004.289202,5.77 ,3.57 ,0
Ru4Rh,507.18549,8.202895177,176.9855241,2.216231614,103.0043195,712.1275042,4330.682694,6.42 ,3.51 ,1
Ru4Pd,510.7,8.416761308,176.1245741,2.2,91.38108087,729.8294576,4175.652164,6.12 ,3.40 ,1
Ru4Cd,516.694,8.870255896,174.3014124,2.089042373,79.26076943,744.4880823,3686.981076,5.14 ,3.73 ,0
Ru4In,519.098,6.894062393,173.1338745,2.107101241,85.28602345,676.6016155,3963.37233,5.94 ,4.38 ,0
Ru4W,588.12,7.374821465,182.688839,2.250014283,94.20422363,728.8928382,4862.187921,7.33 ,4.56 ,0
Ru4Os,594.51,8,180.2398446,2.2,102.8358934,751.733118,4698.820861,7.03 ,3.78 ,1
Ru4Ir,596.497,8.322243029,178.6444861,2.2,117.3154785,764.9168663,4512.583562,6.69 ,3.56 ,1
Ru4Pt,599.364,8.650970028,177.674515,2.226038801,135.1504415,762.2125053,4317.21737,6.30 ,3.70 ,1
Ru4Au,601.24657,8.982790987,176.689612,2.311382979,141.103035,769.1346995,3999.089488,5.66 ,4.07 ,0
Ru4Sn,522.99,7.09206677,170.5095509,2.145524006,102.6618998,709.8368267,4071.62984,6.10 ,4.10 ,0
Ru4V,455.2215,7.664285408,177.216666,2.136214228,95.6264234,703.5640416,4339.854686,6.53 ,3.78 ,1
Ru4Sc,449.236,7.499639388,178.6004327,2.115939417,92.97399941,702.4844394,4290.904798,6.48 ,3.93 ,0
Ru4Te,531.88,7.520192525,164.8052944,2.176009626,122.6274423,748.3686847,3664.424381,5.37 ,4.33 ,0
Ru4Ge,474.91,7.405108336,170.1176855,2.171742646,103.9323956,717.903847,4225.198522,6.33 ,3.84 ,0
Ru4Ti,452.147,7.57653595,177.788268,2.130128432,91.38035462,704.758487,4331.637631,6.53 ,3.86 ,0
RhBe,111.9176731,8.43632422,168.0879682,2.222827171,100.8663953,734.178415,3869.356738,5.58 ,3.50 ,0
RhNa,125.8952593,7.539117713,176.1043749,2.033476114,99.30947474,678.813557,3454.499876,4.91 ,4.67 ,0
RhMg,127.21049,7.662570988,167.650284,2.094670551,88.74057676,723.1391032,3470.285346,4.98 ,4.24 ,0
RhAl,129.8870284,7.753615104,161.5748051,2.140820353,95.74048916,690.160678,3723.70856,5.46 ,3.93 ,0
RhK,142.00379,6.797337663,192.2732955,1.878014123,92.82209984,636.8523628,3159.622922,4.26 ,5.86 ,0
RhCa,142.98349,7.037913328,178.88626,1.921218437,79.61560536,683.2892773,3348.26091,4.72 ,5.30 ,0
RhCr,154.90159,7.992984514,170.6502972,2.071883466,94.46049897,697.2771218,3624.272047,5.21 ,4.05 ,0
RhNi,161.59889,9.363204227,164.2830985,2.145614436,110.5353697,726.0197536,3683.974294,5.04 ,4.13 ,0
RhZn,168.28549,10.16551938,160.9562997,2.03524093,67.08084133,792.2341561,2884.843989,3.56 ,4.89 ,0
RhNb,195.81186,7.102129871,184.8616883,1.957362078,98.50256624,687.6259948,4465.716441,6.82 ,4.24 ,0
RhMo,198.85549,7.552466417,181.2026903,2.222098657,91.46107685,702.6191037,4423.490568,6.70 ,4.11 ,0
RhAg,210.77369,10.02354521,168.9058192,2.100879589,117.8371844,725.4830304,3183.452599,3.98 ,5.56 ,0
RhPd,209.32549,9.508394845,170.9664206,2.239328412,81.22988869,762.7610434,3595.854974,4.82 ,3.51 ,0
RhCd,215.31949,10.56624001,166.73504,1.971972798,52.42782366,797.0200485,2439.349751,2.71 ,5.65 ,0
RhIn,217.72349,5.83585818,164.0349315,2.016321515,67.08955682,634.584585,3112.099638,4.41 ,5.88 ,0
RhW,286.74549,7.076621885,185.8225208,2.331290083,89.76098021,751.9486397,5160.494431,7.65 ,5.44 ,0
RhOs,293.13549,8.351050942,180.7873887,2.228084075,107.3637834,797.7685716,4822.665909,7.10 ,3.69 ,1
RhPt,297.98949,9.654667384,175.6186695,2.28,172.2862019,818.0965079,4053.10676,5.53 ,5.06 ,0
RhAu,299.87206,10.3136707,173.6568354,2.450777191,183.9880783,831.6247439,3416.91514,4.24 ,6.96 ,0
RhSn,221.61549,6.321712485,158.0015899,2.108589599,108.414422,713.7542017,3382.526349,4.97 ,5.25 ,0
RhV,153.84699,7.675528199,172.3377641,2.064773332,90.13092913,696.919085,3872.63803,5.71 ,3.95 ,0
RhSc,147.86149,7.175752185,176.3444543,2.000282002,81.8498167,693.3700232,3705.004273,5.44 ,4.57 ,0
RhTe,230.50549,7.339302027,145.3217005,2.180358122,154.2620623,802.5134723,2469.496862,3.57 ,6.20 ,0
RhGe,173.53549,6.964969586,153.463708,2.170108358,113.4851566,736.9163573,3611.869678,5.36 ,4.71 ,0
RhTi,150.77249,7.412608295,173.952435,2.045066028,77.28546138,700.365569,3838.468837,5.68 ,4.20 ,0
Rh2Be,214.8231631,8.706338549,170.4409502,2.250214339,105.0979056,727.2429041,3916.609246,5.60 ,3.46 ,0
Rh2Na,228.8007493,8.196164546,174.7081503,2.144352767,103.9827203,697.2026552,3685.451838,5.27 ,3.90 ,0
Rh2Mg,230.11598,8.260655431,170.0426217,2.177547967,98.1134144,721.6011717,3692.8582,5.30 ,3.71 ,0
Rh2Al,232.7925184,8.304577177,166.6252908,2.202344451,101.9112644,703.2184791,3831.697127,5.54 ,3.59 ,0
Rh2K,244.90928,7.722847905,184.1750808,2.046919743,99.91382207,671.6631168,3499.285181,4.93 ,4.68 ,0
Rh2Ca,245.88898,7.859054196,176.4228374,2.07136991,92.20604098,698.5273057,3607.624118,5.17 ,4.20 ,0
Rh2Cr,257.80708,8.394941753,171.5881974,2.154954629,100.5434519,706.2273697,3761.473452,5.39 ,3.68 ,0
Rh2Co,264.744174,9,168.3253095,2.190958276,99.46020177,728.7599954,3797.03989,5.32 ,3.55 ,0
Rh2Ni,264.50438,9.221899539,167.6744111,2.197897171,110.2103689,723.561052,3794.47456,5.25 ,3.80 ,0
Rh2Cu,269.35698,9.471834812,166.3943126,2.190351386,111.7524814,725.7866691,3700.705579,5.03 ,4.07 ,0
Rh2Zn,271.19098,9.723254144,165.5263738,2.12811663,83.25300681,764.7105162,3295.855816,4.28 ,4.19 ,0
Rh2Nb,298.71735,7.755929376,180.7754414,2.068507994,102.3599833,698.6752065,4294.257521,6.46 ,3.85 ,0
Rh2Mo,301.76098,8.046099333,178.4054371,2.241843973,97.6808516,708.4439721,4268.160743,6.36 ,3.64 ,1
Rh2Ru,306.88098,8.670654076,174.6467296,2.253652326,106.9334942,716.5712137,4117.852396,5.95 ,3.40 ,1
Rh2Ag,313.67918,9.687761298,170.2489548,2.159641773,115.1677023,723.5858513,3440.830965,4.50 ,4.69 ,0
Rh2Pd,312.23098,9.340837415,171.6366503,2.252733007,90.61310478,748.568929,3718.507012,5.08 ,3.47 ,0
Rh2Cd,318.22498,10.05975967,168.7609613,2.071580598,70.94812138,772.0168024,2933.674561,3.55 ,4.78 ,0
Rh2In,320.62898,6.851385736,166.9122596,2.100948811,80.76532791,661.9022763,3386.799841,4.90 ,4.81 ,0
Rh2W,389.65098,7.584579461,182.4361369,2.317744548,95.02680708,743.4318844,4845.560734,7.29 ,4.57 ,0
Rh2Os,396.04098,8.519670919,178.763949,2.241573674,107.9708153,777.4835885,4600.5934,6.76 ,3.50 ,1
Rh2Ir,398.02798,9,176.3804634,2.241366133,129.6447338,797.1126108,4321.982805,6.19 ,3.62 ,1
Rh2Pt,400.89498,9.486621209,174.9464848,2.28,156.2209876,792.8391678,4031.260757,5.56 ,4.61 ,0
Rh2Au,402.77755,9.978041452,173.4890207,2.407145389,165.0082441,803.0291317,3557.711611,4.59 ,5.96 ,0
Rh2Sn,324.52098,7.170996525,162.7575805,2.162943778,108.8220783,715.6396123,3568.17984,5.24 ,4.46 ,0
Rh2V,256.75248,8.206371833,172.6031859,2.151035423,97.97414384,706.0495955,3910.858772,5.70 ,3.59 ,0
Rh2Sc,250.76698,7.92435599,174.972014,2.115067918,93.27850144,704.1748715,3812.927989,5.56 ,3.84 ,0
Rh2Te,333.41098,7.851867446,153.8644574,2.211112047,140.5082235,776.9535434,2932.001725,4.16 ,5.53 ,0
Rh2Ge,276.44098,7.722512125,160.7361164,2.211015655,112.0761274,730.5075474,3744.439622,5.50 ,4.06 ,0
Rh2Ti,253.67798,8.056540106,173.5660759,2.140367936,90.43454897,708.2086585,3891.013673,5.69 ,3.66 ,0
Rh3Be,317.7286531,8.801449189,171.2697715,2.259861275,106.5884252,724.7999194,3933.253608,5.60 ,3.46 ,0
Rh3Na,331.7062393,8.445539057,174.1782295,2.186434716,105.7563965,704.1820244,3773.106979,5.39 ,3.69 ,0
Rh3Mg,333.02147,8.489117023,170.9564681,2.209206216,101.6937339,721.0136991,3777.878549,5.40 ,3.58 ,0
Rh3Al,335.6980084,8.517753378,168.579406,2.226149127,104.2988378,708.2707551,3873.479662,5.57 ,3.52 ,0
Rh3K,347.81477,8.10070984,180.8687889,2.115879546,102.8091892,685.8754489,3637.960511,5.17 ,4.15 ,0
Rh3Ca,348.79447,8.195669587,175.4129912,2.132922439,97.36731669,704.7739256,3713.946494,5.33 ,3.84 ,0
Rh3Cr,360.71257,8.567555131,171.990962,2.19062806,103.1556677,710.0708943,3820.392151,5.46 ,3.58 ,0
Rh3Co,367.649664,9,169.6337598,2.215881139,102.326331,726.2240941,3844.891787,5.40 ,3.51 ,0
Rh3Ni,367.40987,9.159749111,169.1660213,2.220892829,110.067423,722.4796345,3843.076195,5.35 ,3.68 ,0
Rh3Cu,372.26247,9.341404279,168.2203401,2.215133187,111.1851086,724.1041152,3774.594476,5.18 ,3.85 ,0
Rh3Zn,374.09647,9.524303263,167.5821996,2.169896315,90.52797734,752.3291398,3480.747501,4.63 ,3.91 ,0
Rh3Nb,401.62284,8.074690374,178.7831852,2.122697364,104.2406732,704.0622673,4210.66245,6.26 ,3.65 ,1
Rh3Mo,404.66647,8.28867346,177.0308504,2.251546938,100.7372856,711.3063468,4191.830751,6.18 ,3.49 ,1
Rh3Ru,409.78647,8.753359353,174.2332032,2.260268748,107.6282186,717.3569139,4080.221494,5.87 ,3.41 ,1
Rh3Ag,416.58467,9.517869273,170.9285229,2.189372877,113.8170607,722.6259614,3571.053203,4.77 ,4.29 ,0
Rh3Pd,415.13647,9.256349436,171.9746023,2.259492045,95.34443158,741.4127972,3780.352213,5.21 ,3.46 ,0
Rh3Cd,421.13047,9.800801709,169.7967932,2.122508997,80.41735085,759.232911,3186.417532,4.03 ,4.35 ,0
Rh3In,423.53447,7.373431093,168.3913881,2.144452591,87.79553872,675.9452964,3528.013111,5.12 ,4.27 ,0
Rh3W,492.55647,7.880290822,180.4647279,2.309858911,98.09234819,738.4737905,4662.21969,7.00 ,4.09 ,0
Rh3Os,498.94647,8.618736655,177.5751601,2.249498932,108.327452,765.5659804,4470.123825,6.54 ,3.42 ,1
Rh3Ir,500.93347,9,175.6860234,2.24930259,125.5475378,781.2099348,4249.265017,6.08 ,3.59 ,1
Rh3Pt,503.80047,9.387224728,174.5488989,2.28,146.718684,777.8998766,4018.339215,5.57 ,4.34 ,0
Rh3Au,505.68304,9.779011968,173.389506,2.381271556,153.7531268,786.0718196,3641.20448,4.80 ,5.34 ,0
Rh3Sn,427.42647,7.611340098,165.2235045,2.191125766,109.0334432,716.617175,3664.438945,5.36 ,4.09 ,0
Rh3V,359.65797,8.433445059,172.7167225,2.187934822,101.3291507,709.955255,3927.208044,5.68 ,3.50 ,0
Rh3Sc,353.67247,8.237328255,174.3982315,2.163056999,98.05654469,708.6921045,3858.048157,5.59 ,3.63 ,0
Rh3Te,436.31647,8.122655168,158.3775861,2.22735931,133.2420863,763.4502623,3176.342513,4.49 ,5.02 ,0
Rh3Ge,379.34647,8.069056844,164.0629457,2.22972907,111.4315543,727.5757791,3805.084948,5.54 ,3.81 ,0
Rh3Ti,356.58347,8.328810727,173.4027136,2.180663988,95.99431504,711.5249147,3913.230955,5.68 ,3.51 ,0
Rh4Be,420.6341431,8.850023393,171.693061,2.264788087,107.3496523,723.5522563,3941.754094,5.60 ,3.47 ,0
Rh4Na,434.6117293,8.576821927,173.8992534,2.2085887,106.690146,707.8563037,3819.252907,5.45 ,3.61 ,0
Rh4Mg,435.92696,8.609716729,171.4388669,2.22591789,103.5837036,720.7035856,3822.758868,5.45 ,3.53 ,0
Rh4Al,438.6034984,8.630898452,169.6165691,2.23878366,105.5660627,710.9522933,3895.656097,5.58 ,3.49 ,0
Rh4K,450.72026,8.306029864,179.0722387,2.15335045,104.3824538,693.5980483,3713.31296,5.29 ,3.91 ,0
Rh4Ca,451.69996,8.378910726,174.8632678,2.16642939,100.1769269,708.1743576,3771.824517,5.40 ,3.69 ,0
Rh4Cr,463.61806,8.663541364,172.2149298,2.210465215,104.6082593,712.2081877,3853.155452,5.49 ,3.54 ,0
Rh4Co,470.555154,9,170.3699213,2.229903263,103.9388753,724.7973429,3871.814266,5.44 ,3.50 ,0
Rh4Ni,470.31536,9.124795839,170.0048999,2.23382554,109.9870304,721.8714476,3870.409654,5.41 ,3.62 ,0
Rh4Cu,475.16796,9.267467529,169.2554546,2.22918117,110.8634838,723.1503311,3816.479645,5.27 ,3.74 ,0
Rh4Zn,477.00196,9.411193279,168.7510028,2.193649411,94.66403243,745.2899284,3585.864379,4.84 ,3.77 ,0
Rh4Nb,504.52833,8.263419995,177.603625,2.154781399,105.354178,707.2517979,4161.168106,6.13 ,3.55 ,1
Rh4Mo,507.57196,8.432888294,176.213633,2.257315532,102.5543925,713.0080819,4146.45115,6.07 ,3.44 ,1
Rh4Ru,512.69196,8.802864082,173.9856796,2.264229127,108.0440583,717.8272088,4057.696843,5.82 ,3.42 ,1
Rh4Ag,519.49016,9.415284863,171.3388605,2.207325149,113.0015147,722.0463595,3649.684152,4.94 ,4.07 ,0
Rh4Pd,518.04196,9.205427375,172.1782905,2.26356581,98.196067,737.0996987,3817.627161,5.29 ,3.46 ,0
Rh4Cd,524.03596,9.643547439,170.4258102,2.15343567,86.16761531,751.4697919,3339.8977,4.33 ,4.10 ,0
Rh4In,526.43996,7.691383534,169.2922533,2.170948628,92.07729826,684.4982171,3614.019246,5.24 ,3.98 ,0
Rh4W,595.46196,8.073794739,179.1747017,2.304698807,100.0983388,735.2293749,4542.247262,6.79 ,3.82 ,0
Rh4Os,601.85196,8.683925595,176.7928929,2.254714048,108.5621321,757.7237509,4384.269991,6.39 ,3.39 ,1
Rh4Ir,603.83896,9,175.2282746,2.254534005,122.84682,770.7274877,4201.33218,6.00 ,3.56 ,1
Rh4Pt,606.70596,9.321546207,174.2861848,2.28,140.4398174,768.0283949,4009.801007,5.58 ,4.17 ,0
Rh4Au,608.58853,9.647289787,173.3236449,2.364147672,146.3042375,774.8490899,3696.461934,4.94 ,4.94 ,0
Rh4Sn,530.33196,7.880795342,166.7324539,2.208370902,109.1627818,717.2153657,3723.341862,5.42 ,3.90 ,0
Rh4V,462.56346,8.559485308,172.7797427,2.208416363,103.1913954,712.1231473,3936.282942,5.67 ,3.47 ,0
Rh4Sc,456.57796,8.409222469,174.0830921,2.189414112,100.6807964,711.173111,3882.829573,5.60 ,3.55 ,0
Rh4Te,539.22196,8.29008826,161.1681377,2.237405296,128.7492984,755.1009321,3327.422973,4.70 ,4.68 ,0
Rh4Ge,482.25196,8.26770645,165.9699819,2.240456148,111.062066,725.8952034,3839.848629,5.56 ,3.70 ,0
Rh4Ti,459.48896,8.479127855,173.3125233,2.202910923,99.06379081,713.3557773,3925.496833,5.67 ,3.46 ,0
IrBe,201.2291831,8.686500334,176.9545747,2.17178503,144.2373643,880.8733205,4613.309665,6.71 ,3.79 ,1
IrNa,215.2067693,8.145388619,181.0682642,2.064330443,140.5096453,838.9572884,4322.300332,6.44 ,4.02 ,0
IrMg,216.522,8.21423689,176.0711845,2.100095833,134.0499672,864.0265585,4326.303249,6.41 ,3.83 ,0
IrAl,219.1985384,8.261449316,172.3683096,2.127375849,137.6445418,842.7647364,4466.017791,6.58 ,3.80 ,0
IrK,231.3153,7.647791996,190.648638,1.966744119,133.6579324,802.0452086,4080.843604,6.08 ,4.53 ,0
IrCa,232.295,7.792285671,182.4154287,1.992963258,125.3567742,829.9316145,4193.069859,6.29 ,4.14 ,0
IrCr,244.2131,8.361261538,177.0192205,2.085027077,132.5404584,831.6474984,4326.912174,6.38 ,3.83 ,0
IrNi,250.9104,9.233921751,172.7484257,2.132162692,141.8770517,846.5725818,4346.608548,6.13 ,4.06 ,0
IrZn,257.597,9.761421911,170.3553225,2.060405983,112.6750971,886.7005128,3807.344484,5.10 ,4.49 ,0
IrNb,285.12337,7.696615153,185.8652318,2.004492273,129.8525809,805.7396483,4803.967403,7.25 ,4.11 ,0
IrMo,288.167,8.001100057,183.3296665,2.186681334,124.6623382,814.838427,4771.255963,7.14 ,3.91 ,1
IrAg,300.0852,9.718917161,174.6081213,2.102946183,141.8697521,826.4406715,3886.466857,5.23 ,4.90 ,0
IrPd,298.637,9.356352361,176.080124,2.2,116.3269153,853.0597615,4178.943791,5.84 ,3.60 ,1
IrCd,304.631,10.10705083,172.9886781,2.01180136,95.27844179,875.4979933,3350.028976,4.20 ,5.12 ,0
IrIn,307.035,6.756255801,171.0250232,2.042937906,105.3398056,759.6979152,3819.956445,5.68 ,4.60 ,0
IrW,376.057,7.533413818,186.3552068,2.27821793,115.6063868,826.2251733,5251.947543,7.70 ,4.73 ,0
IrOs,382.447,8.502597746,182.4870113,2.2,128.6666388,860.1039098,4991.482917,7.26 ,3.79 ,1
IrPt,387.301,9.503701256,178.4888962,2.2402961,178.3509782,874.9629874,4397.268143,6.13 ,4.69 ,0
IrAu,389.18357,10.01220393,176.9633882,2.372074669,187.3381212,885.1116299,3905.407709,5.15 ,5.94 ,0
IrSn,310.927,7.091031014,166.6372171,2.108369489,134.3156111,814.5605432,4003.844526,5.98 ,4.42 ,0
IrV,243.1585,8.162003385,178.1145076,2.080585482,129.966285,832.0037439,4487.101364,6.68 ,3.78 ,1
IrSc,237.173,7.862703596,180.7581976,2.040778503,125.8088847,833.200253,4398.100058,6.62 ,3.92 ,0
IrTe,319.817,7.803065503,157.2582446,2.160102183,166.6399441,875.7309336,3328.51511,4.81 ,5.59 ,0
IrGe,262.847,7.656442721,165.2208699,2.148944823,142.4012334,848.2920482,4268.911979,6.32 ,4.15 ,0
IrTi,240.084,8.003119741,179.2024958,2.068411806,122.4094742,835.8980174,4473.511925,6.70 ,3.78 ,1
Ir2Be,393.4461831,8.839659693,178.4424084,2.185569372,147.5412305,880.4466623,4656.150526,6.73 ,3.83 ,0
Ir2Na,407.4237693,8.54858266,180.5642717,2.128337497,145.4588521,858.3206822,4500.965691,6.62 ,3.90 ,0
Ir2Mg,408.739,8.583756382,177.9187819,2.147077597,142.0210305,871.5383619,4502.511258,6.60 ,3.80 ,0
Ir2Al,411.4155384,8.606506767,175.9339033,2.161306499,143.8843307,860.1613828,4575.80357,6.68 ,3.80 ,0
Ir2K,423.5323,8.261481592,185.8158325,2.072605575,141.5285014,837.4244138,4362.296995,6.49 ,4.08 ,0
Ir2Ca,424.512,8.339132934,181.3217341,2.086708503,136.967904,852.6023396,4423.058194,6.56 ,3.89 ,0
Ir2Cr,436.4301,8.642581252,178.3320458,2.135664625,140.6705982,852.9434008,4491.671753,6.57 ,3.80 ,0
Ir2Co,443.367194,9,176.2781878,2.157465003,139.3959212,864.102545,4501.484282,6.45 ,3.79 ,1
Ir2Ni,443.1274,9.132452654,175.8939677,2.16158873,145.8343465,861.0725158,4500.33423,6.40 ,3.93 ,0
Ir2Cu,447.98,9.283700165,175.0352471,2.157444975,146.3756873,860.9211639,4436.307746,6.25 ,4.04 ,0
Ir2Zn,449.814,9.436046899,174.4767393,2.120058068,129.0523061,883.8372127,4189.226289,5.83 ,4.03 ,0
Ir2Nb,477.34037,8.221466477,183.5034009,2.083219972,138.3682936,835.6430525,4762.504148,7.08 ,3.94 ,1
Ir2Mo,480.384,8.400791867,181.9973604,2.192010558,135.2008789,840.9116561,4743.144305,7.00 ,3.79 ,1
Ir2Ru,485.504,8.791824578,179.5836492,2.2,140.6536815,844.6518134,4643.127233,6.74 ,3.74 ,1
Ir2Ag,492.3022,9.438219451,176.7133541,2.140840374,145.434613,847.3526509,4204.497362,5.86 ,4.29 ,0
Ir2Rh,487.33949,9,178.521896,2.216892617,142.2791866,846.1514193,4546.2214,6.53 ,3.77 ,1
Ir2Pd,490.854,9.216805812,177.6151361,2.2,129.9047945,863.6094806,4383.379486,6.22 ,3.68 ,1
Ir2Cd,496.848,9.678762921,175.7011682,2.084610303,116.8355996,877.2396975,3872.682982,5.22 ,4.37 ,0
Ir2In,499.252,7.620119699,174.4804788,2.103408379,122.9194359,806.0154179,4159.167002,6.23 ,3.93 ,0
Ir2W,568.274,8.029482257,184.2055769,2.251760946,127.5781718,844.4143494,5065.591166,7.46 ,4.15 ,0
Ir2Os,574.664,8.668971782,181.6551411,2.2,136.136833,866.7588713,4894.320479,7.10 ,3.76 ,1
Ir2Pt,579.518,9.336631477,178.9901056,2.226930518,169.2790892,876.6336852,4498.01122,6.34 ,4.36 ,0
Ir2Au,581.40057,9.677558916,177.9673233,2.315185016,175.3243651,883.4216725,4168.438692,5.71 ,4.99 ,0
Ir2Sn,503.144,7.820317841,171.7422249,2.143375256,140.6895779,839.5604956,4270.180076,6.36 ,3.98 ,0
Ir2V,435.3755,8.53197642,178.9469469,2.13330664,139.2526082,853.1939495,4581.536981,6.73 ,3.78 ,1
Ir2Sc,429.39,8.371815832,180.4187894,2.112054216,137.0857207,854.1502215,4533.693617,6.72 ,3.81 ,0
Ir2Te,512.034,8.252393396,165.7954745,2.17507978,160.7687263,877.3335364,3843.744427,5.57 ,4.72 ,0
Ir2Ge,455.064,8.223955312,171.4635084,2.170510302,146.033314,861.6853454,4451.424028,6.55 ,3.90 ,0
Ir2Ti,432.301,8.446369543,179.5570956,2.12692078,135.1218785,855.5073886,4574.66153,6.75 ,3.75 ,1
Ir3Be,585.6631831,8.892284023,178.9536162,2.190305562,148.6764125,880.3000659,4670.870303,6.74 ,3.85 ,0
Ir3Na,599.6407693,8.693286108,180.3833924,2.15130917,147.235087,865.2700653,4565.087407,6.67 ,3.88 ,0
Ir3Mg,600.956,8.716892751,178.5844638,2.164004935,144.8929722,874.2448341,4565.998286,6.65 ,3.82 ,0
Ir3Al,603.6325384,8.73180831,177.2286859,2.173627817,146.1502003,866.478669,4615.670344,6.70 ,3.82 ,0
Ir3K,615.7493,8.492023133,184.0003178,2.112373991,144.4851967,850.7151336,4468.02911,6.60 ,3.97 ,0
Ir3Ca,616.729,8.545106522,180.909787,2.122018261,141.3413118,861.1414161,4509.6848,6.64 ,3.85 ,0
Ir3Cr,628.6471,8.751866667,178.8420444,2.155336,143.8289467,861.2163067,4555.676578,6.63 ,3.82 ,0
Ir3Co,635.584194,9,177.4037595,2.17032868,142.905293,868.9103441,4561.822964,6.55 ,3.81 ,0
Ir3Cu,640.197,9.198520143,176.5258975,2.170221979,147.7641217,866.6495204,4515.780707,6.40 ,3.96 ,0
Ir3Zn,642.031,9.305499267,176.1303426,2.143991801,135.6232036,882.6883936,4342.445693,6.11 ,3.92 ,0
Ir3Nb,669.55737,8.444968427,182.4976421,2.116745264,141.9946127,848.3770762,4744.847494,7.00 ,3.89 ,1
Ir3Mo,672.601,8.572034535,181.4265516,2.194293794,139.7159772,852.0823861,4731.100238,6.94 ,3.78 ,1
Ir3Ru,677.721,8.850867835,179.7017357,2.2,143.5881314,854.6773584,4659.541258,6.74 ,3.78 ,1
Ir3Ag,684.5192,9.315164863,177.6362635,2.157452743,146.9974062,856.5202177,4343.91821,6.12 ,4.11 ,0
Ir3Rh,679.55649,9,178.9399874,2.21211443,144.7459258,855.7257119,4590.00154,6.60 ,3.81 ,0
Ir3Pd,683.071,9.155796396,178.2862396,2.2,135.8410107,868.2217925,4472.75828,6.37 ,3.73 ,1
Ir3Cd,689.065,9.489419721,176.9003418,2.116798647,126.365874,878.0096931,4103.744801,5.67 ,4.09 ,0
Ir3In,691.469,8.003703709,176.0148148,2.13025926,130.7253705,826.5819139,4309.787656,6.42 ,3.79 ,1
Ir3W,760.491,8.274784317,183.1426013,2.23867817,133.4981282,853.4087583,4973.439358,7.31 ,3.95 ,1
Ir3Os,766.881,8.751943261,181.2402837,2.2,139.8622524,870.0777304,4845.865136,7.02 ,3.77 ,1
Ir3Pt,771.735,9.252786254,179.2416412,2.2202229,164.7262936,877.4721375,4548.569889,6.45 ,4.22 ,0
Ir3Au,773.61757,9.509209143,178.4723726,2.286565554,169.2806082,882.5715062,4300.761613,5.98 ,4.60 ,0
Ir3Sn,695.361,8.146414596,174.0249022,2.159027901,143.5396636,850.7390924,4389.270611,6.51 ,3.88 ,0
Ir3V,627.5925,8.675321168,179.2694726,2.153733266,142.8505613,861.4040199,4618.125728,6.74 ,3.80 ,0
Ir3Sc,621.607,8.566066663,180.2892889,2.139249333,141.3883766,862.1436432,4585.429088,6.74 ,3.81 ,0
Ir3Te,704.251,8.456443796,169.6724321,2.18188146,158.1024677,878.0613162,4077.72222,5.92 ,4.36 ,0
Ir3Ge,647.281,8.454410063,173.9985107,2.179267582,147.5082244,867.1240775,4525.538276,6.63 ,3.86 ,0
Ir3Ti,624.518,8.616768452,179.6934148,2.149413436,140.0089192,863.0458363,4613.546561,6.76 ,3.77 ,1
Ir4Be,777.8801831,8.91890103,179.2121814,2.192701093,149.2505794,880.2259186,4678.31546,6.74 ,3.86 ,0
Ir4Na,791.8577693,8.767738398,180.290327,2.163128471,148.1489888,868.8456366,4598.079078,6.69 ,3.88 ,0
Ir4Mg,793.173,8.785500767,178.9275038,2.172727955,146.3729451,875.639537,4598.714509,6.68 ,3.83 ,0
Ir4Al,795.8495384,8.79658312,177.8980256,2.17999734,147.3215447,869.7443989,4636.279529,6.72 ,3.83 ,0
Ir4K,807.9663,8.612871973,183.0486332,2.133220415,146.035083,857.6820692,4523.453408,6.65 ,3.93 ,0
Ir4Ca,808.946,8.65319564,180.6936087,2.140547824,143.6363526,865.6224821,4555.143995,6.67 ,3.85 ,0
Ir4Cr,820.8641,8.809970615,179.1131962,2.165794711,145.5081508,865.6147756,4589.706124,6.66 ,3.83 ,0
Ir4Co,827.801194,9,178.0066114,2.177218416,144.7848992,871.4853831,4594.140135,6.59 ,3.83 ,0
Ir4Ni,827.5614,9.070923318,177.8013772,2.179432238,148.2339906,869.8650579,4593.551174,6.57 ,3.89 ,0
Ir4Cu,832.414,9.152678835,177.3281204,2.177098175,148.511335,869.7323483,4558.550647,6.49 ,3.93 ,0
Ir4Zn,834.248,9.235109943,177.0219407,2.15689651,139.1661329,882.0689675,4425.059297,6.27 ,3.88 ,0
Ir4Nb,861.77437,8.568767078,181.9405482,2.135315062,144.0032458,855.4305042,4735.067401,6.95 ,3.87 ,1
Ir4Mo,864.818,8.667155401,181.109482,2.195562072,142.2239974,858.2874374,4724.41007,6.90 ,3.79 ,1
Ir4Ru,869.938,8.883819307,179.7676386,2.2,145.2258195,860.2725183,4668.701767,6.75 ,3.80 ,0
Ir4Ag,876.7362,9.246067631,178.1544928,2.16678087,147.8749411,861.6679615,4422.205374,6.26 ,4.03 ,0
Ir4Rh,871.77349,9,179.1737092,2.209443324,146.1248842,861.0779403,4614.475547,6.63 ,3.82 ,0
Ir4Pd,875.288,9.121582839,178.6625888,2.2,139.1699898,870.8083374,4522.881141,6.46 ,3.76 ,1
Ir4Cd,881.282,9.382672062,177.5764103,2.134945749,131.7388396,878.4438003,4234.012527,5.92 ,3.98 ,0
Ir4In,883.686,8.220415396,176.8816616,2.145429078,135.1354533,838.2012722,4394.883112,6.52 ,3.76 ,1
Ir4W,952.708,8.421102793,182.5085546,2.230874518,137.0292807,858.7737691,4918.472384,7.21 ,3.87 ,1
Ir4Os,959.098,8.801657391,180.991713,2.2,142.0944168,872.0662956,4816.832084,6.96 ,3.78 ,1
Ir4Pt,963.952,9.202379372,179.3928619,2.21619035,161.9891999,877.9762063,4578.965239,6.51 ,4.14 ,0
Ir4Au,965.83457,9.40786813,178.7763956,2.269337582,165.6424659,882.0597341,4380.41565,6.14 ,4.40 ,0
Ir4Sn,887.578,8.33127004,175.3188903,2.167900962,145.1553002,857.075937,4456.779819,6.58 ,3.85 ,0
Ir4V,819.8095,8.751447135,179.4407561,2.164581217,144.7613231,865.7641347,4637.556881,6.75 ,3.82 ,0
Ir4Sc,813.824,8.668557329,180.2209618,2.153598026,143.6585448,866.3611341,4612.725769,6.74 ,3.82 ,0
Ir4Te,896.468,8.572990893,171.886827,2.185766363,156.5795857,878.4770009,4211.362891,6.12 ,4.20 ,0
Ir4Ge,839.498,8.579331934,175.3726513,2.184014613,148.3077244,870.0722336,4565.71315,6.67 ,3.85 ,0
Ir4Ti,816.735,8.706961254,179.765569,2.161318886,142.5956488,867.0359659,4634.128558,6.76 ,3.79 ,0
